cohortId,ageGroup,n,cohortName,cancer_type
1,50-59,0,Breast_all,Breast
1,80-89,0,Breast_all,Breast
1,60-69,0,Breast_all,Breast
1,100-109,0,Breast_all,Breast
1,70-79,0,Breast_all,Breast
1,30-39,0,Breast_all,Breast
1,90-99,0,Breast_all,Breast
1,20-29,0,Breast_all,Breast
1,40-49,0,Breast_all,Breast
2,40-49,0,Breast_stage0,Breast
2,30-39,0,Breast_stage0,Breast
2,60-69,0,Breast_stage0,Breast
2,70-79,0,Breast_stage0,Breast
2,50-59,0,Breast_stage0,Breast
2,80-89,0,Breast_stage0,Breast
3,30-39,0,Breast_stage1,Breast
3,80-89,0,Breast_stage1,Breast
3,70-79,0,Breast_stage1,Breast
3,60-69,0,Breast_stage1,Breast
3,40-49,0,Breast_stage1,Breast
3,90-99,0,Breast_stage1,Breast
3,20-29,0,Breast_stage1,Breast
3,50-59,0,Breast_stage1,Breast
4,80-89,0,Breast_stage2,Breast
4,90-99,0,Breast_stage2,Breast
4,20-29,0,Breast_stage2,Breast
4,30-39,0,Breast_stage2,Breast
4,60-69,0,Breast_stage2,Breast
4,70-79,0,Breast_stage2,Breast
4,50-59,0,Breast_stage2,Breast
4,40-49,0,Breast_stage2,Breast
5,70-79,0,Breast_stage3,Breast
5,60-69,0,Breast_stage3,Breast
5,20-29,0,Breast_stage3,Breast
5,30-39,0,Breast_stage3,Breast
5,80-89,0,Breast_stage3,Breast
5,50-59,0,Breast_stage3,Breast
5,100-109,0,Breast_stage3,Breast
5,40-49,0,Breast_stage3,Breast
5,90-99,0,Breast_stage3,Breast
6,30-39,0,Breast_stage4,Breast
6,80-89,0,Breast_stage4,Breast
6,20-29,0,Breast_stage4,Breast
6,60-69,0,Breast_stage4,Breast
6,70-79,0,Breast_stage4,Breast
6,90-99,0,Breast_stage4,Breast
6,50-59,0,Breast_stage4,Breast
6,40-49,0,Breast_stage4,Breast
7,80-89,0,Breast_ER_Positive,Breast
7,20-29,0,Breast_ER_Positive,Breast
7,70-79,0,Breast_ER_Positive,Breast
7,40-49,0,Breast_ER_Positive,Breast
7,100-109,0,Breast_ER_Positive,Breast
7,60-69,0,Breast_ER_Positive,Breast
7,50-59,0,Breast_ER_Positive,Breast
7,90-99,0,Breast_ER_Positive,Breast
7,30-39,0,Breast_ER_Positive,Breast
8,60-69,0,Breast_ER_Negative,Breast
8,50-59,0,Breast_ER_Negative,Breast
8,20-29,0,Breast_ER_Negative,Breast
8,30-39,0,Breast_ER_Negative,Breast
8,70-79,0,Breast_ER_Negative,Breast
8,40-49,0,Breast_ER_Negative,Breast
8,80-89,0,Breast_ER_Negative,Breast
8,90-99,0,Breast_ER_Negative,Breast
9,60-69,0,Breast_PR_Positive,Breast
9,20-29,0,Breast_PR_Positive,Breast
9,90-99,0,Breast_PR_Positive,Breast
9,80-89,0,Breast_PR_Positive,Breast
9,30-39,0,Breast_PR_Positive,Breast
9,40-49,0,Breast_PR_Positive,Breast
9,70-79,0,Breast_PR_Positive,Breast
9,100-109,0,Breast_PR_Positive,Breast
9,50-59,0,Breast_PR_Positive,Breast
10,90-99,0,Breast_PR_Negative,Breast
10,60-69,0,Breast_PR_Negative,Breast
10,20-29,0,Breast_PR_Negative,Breast
10,40-49,0,Breast_PR_Negative,Breast
10,70-79,0,Breast_PR_Negative,Breast
10,30-39,0,Breast_PR_Negative,Breast
10,80-89,0,Breast_PR_Negative,Breast
10,50-59,0,Breast_PR_Negative,Breast
11,70-79,0,Breast_HER2_Positive,Breast
11,60-69,0,Breast_HER2_Positive,Breast
11,90-99,0,Breast_HER2_Positive,Breast
11,20-29,0,Breast_HER2_Positive,Breast
11,40-49,0,Breast_HER2_Positive,Breast
11,50-59,0,Breast_HER2_Positive,Breast
11,80-89,0,Breast_HER2_Positive,Breast
11,30-39,0,Breast_HER2_Positive,Breast
12,30-39,0,Breast_HER2_Negative,Breast
12,50-59,0,Breast_HER2_Negative,Breast
12,90-99,0,Breast_HER2_Negative,Breast
12,70-79,0,Breast_HER2_Negative,Breast
12,60-69,0,Breast_HER2_Negative,Breast
12,40-49,0,Breast_HER2_Negative,Breast
12,100-109,0,Breast_HER2_Negative,Breast
12,20-29,0,Breast_HER2_Negative,Breast
12,80-89,0,Breast_HER2_Negative,Breast
13,0-9,0,Ovary_all,Ovary
13,70-79,0,Ovary_all,Ovary
13,10-19,0,Ovary_all,Ovary
13,90-99,0,Ovary_all,Ovary
13,40-49,0,Ovary_all,Ovary
13,20-29,0,Ovary_all,Ovary
13,60-69,0,Ovary_all,Ovary
13,80-89,0,Ovary_all,Ovary
13,30-39,0,Ovary_all,Ovary
13,50-59,0,Ovary_all,Ovary
15,90-99,0,Ovary_stage1,Ovary
15,60-69,0,Ovary_stage1,Ovary
15,80-89,0,Ovary_stage1,Ovary
15,30-39,0,Ovary_stage1,Ovary
15,50-59,0,Ovary_stage1,Ovary
15,0-9,0,Ovary_stage1,Ovary
15,10-19,0,Ovary_stage1,Ovary
15,70-79,0,Ovary_stage1,Ovary
15,40-49,0,Ovary_stage1,Ovary
15,20-29,0,Ovary_stage1,Ovary
16,50-59,0,Ovary_stage2,Ovary
16,70-79,0,Ovary_stage2,Ovary
16,80-89,0,Ovary_stage2,Ovary
16,40-49,0,Ovary_stage2,Ovary
16,30-39,0,Ovary_stage2,Ovary
16,60-69,0,Ovary_stage2,Ovary
17,70-79,0,Ovary_stage3,Ovary
17,90-99,0,Ovary_stage3,Ovary
17,20-29,0,Ovary_stage3,Ovary
17,40-49,0,Ovary_stage3,Ovary
17,60-69,0,Ovary_stage3,Ovary
17,80-89,0,Ovary_stage3,Ovary
17,10-19,0,Ovary_stage3,Ovary
17,50-59,0,Ovary_stage3,Ovary
17,30-39,0,Ovary_stage3,Ovary
18,30-39,0,Ovary_stage4,Ovary
18,80-89,0,Ovary_stage4,Ovary
18,70-79,0,Ovary_stage4,Ovary
18,90-99,0,Ovary_stage4,Ovary
18,40-49,0,Ovary_stage4,Ovary
18,20-29,0,Ovary_stage4,Ovary
18,60-69,0,Ovary_stage4,Ovary
18,10-19,0,Ovary_stage4,Ovary
18,50-59,0,Ovary_stage4,Ovary
19,40-49,0,Ovary_BRCA_mutation_BRCA1,Ovary
19,30-39,0,Ovary_BRCA_mutation_BRCA1,Ovary
19,60-69,0,Ovary_BRCA_mutation_BRCA1,Ovary
19,80-89,0,Ovary_BRCA_mutation_BRCA1,Ovary
19,70-79,0,Ovary_BRCA_mutation_BRCA1,Ovary
19,50-59,0,Ovary_BRCA_mutation_BRCA1,Ovary
20,80-89,0,Ovary_BRCA_mutation_BRCA2,Ovary
20,30-39,0,Ovary_BRCA_mutation_BRCA2,Ovary
20,50-59,0,Ovary_BRCA_mutation_BRCA2,Ovary
20,40-49,0,Ovary_BRCA_mutation_BRCA2,Ovary
20,70-79,0,Ovary_BRCA_mutation_BRCA2,Ovary
20,60-69,0,Ovary_BRCA_mutation_BRCA2,Ovary
21,60-69,0,Ovary_BRCA_mutation_No_BRCA1,Ovary
21,40-49,0,Ovary_BRCA_mutation_No_BRCA1,Ovary
21,70-79,0,Ovary_BRCA_mutation_No_BRCA1,Ovary
21,90-99,0,Ovary_BRCA_mutation_No_BRCA1,Ovary
21,20-29,0,Ovary_BRCA_mutation_No_BRCA1,Ovary
21,30-39,0,Ovary_BRCA_mutation_No_BRCA1,Ovary
21,10-19,0,Ovary_BRCA_mutation_No_BRCA1,Ovary
21,80-89,0,Ovary_BRCA_mutation_No_BRCA1,Ovary
21,50-59,0,Ovary_BRCA_mutation_No_BRCA1,Ovary
22,40-49,0,Ovary_BRCA_mutation_No_BRCA2,Ovary
22,70-79,0,Ovary_BRCA_mutation_No_BRCA2,Ovary
22,90-99,0,Ovary_BRCA_mutation_No_BRCA2,Ovary
22,60-69,0,Ovary_BRCA_mutation_No_BRCA2,Ovary
22,80-89,0,Ovary_BRCA_mutation_No_BRCA2,Ovary
22,50-59,0,Ovary_BRCA_mutation_No_BRCA2,Ovary
22,30-39,0,Ovary_BRCA_mutation_No_BRCA2,Ovary
22,20-29,0,Ovary_BRCA_mutation_No_BRCA2,Ovary
22,10-19,0,Ovary_BRCA_mutation_No_BRCA2,Ovary
